dimension,group,sample_size,accuracy,precision,recall,f1,roc_auc,pr_auc
AgeGroup,18-29,68,0.5882352941176471,0.358974358974359,0.8235294117647058,0.5,0.7370242214532872,0.5412470692768608
AgeGroup,30-39,125,0.68,0.22916666666666666,0.7857142857142857,0.3548387096774194,0.841055341055341,0.49615557710847275
AgeGroup,40-49,67,0.8059701492537313,0.3076923076923077,0.5,0.38095238095238093,0.7055084745762712,0.44466658040027607
AgeGroup,50-59,34,0.6470588235294118,0.25,0.25,0.25,0.6778846153846154,0.4501999158249158
Gender,Female,116,0.646551724137931,0.23404255319148937,0.6875,0.3492063492063492,0.73375,0.3725364950984343
Gender,Male,178,0.7078651685393258,0.32786885245901637,0.6451612903225806,0.43478260869565216,0.7803379416282641,0.49181389554522326
MaritalStatus,Divorced,64,0.703125,0.14285714285714285,0.75,0.24,0.7041666666666667,0.15175796425796426
MaritalStatus,Married,133,0.7218045112781954,0.22857142857142856,0.4444444444444444,0.3018867924528302,0.7057971014492753,0.3091990120176962
MaritalStatus,Single,97,0.6185567010309279,0.38461538461538464,0.8,0.5194805194805194,0.7994444444444445,0.6764378342161959
